,mic,index_name,index_trading_symbol,index_isin,trading_symbol,data_provider,trading_symbol_wtd,trading_symbol_av,instrument,isin,sector,sub_sector,market_cap._in_mio._last_regular_rebalancing,weight_last_regular_rebalancing
0,XFRA,DAX,DAX,DE0008469008,ADS,WTD,ADS.DE,ADS.DEX,ADIDAS AG NA O.N.,,,,,
1,XFRA,DAX,DAX,DE0008469008,ALV,WTD,ALV.DE,ALV.DEX,ALLIANZ SE NA O.N.,,,,,
2,XFRA,DAX,DAX,DE0008469008,BAS,WTD,BAS.DE,BAS.DEX,BASF SE NA O.N.,,,,,
3,XFRA,DAX,DAX,DE0008469008,BMW,WTD,BMW.DE,BMW.DEX,BAY.MOTOREN WERKE AG ST,,,,,
4,XFRA,DAX,DAX,DE0008469008,BAYN,WTD,BAYN.DE,BAYN.DEX,BAYER AG NA O.N.,,,,,
5,XFRA,DAX,DAX,DE0008469008,BEI,WTD,BEI.DE,BEI.DEX,BEIERSDORF AG O.N.,,,,,
6,XFRA,DAX,DAX,DE0008469008,CON,WTD,CON.DE,CON.DEX,CONTINENTAL AG O.N.,,,,,
7,XFRA,DAX,DAX,DE0008469008,1COV,WTD,1COV.DE,1COV.DEX,COVESTRO AG  O.N.,,,,,
8,XFRA,DAX,DAX,DE0008469008,DAI,WTD,DAI.DE,DAI.DEX,DAIMLER AG NA O.N.,,,,,
9,XFRA,DAX,DAX,DE0008469008,DBK,WTD,DBK.DE,DBK.DEX,DEUTSCHE BANK AG NA O.N.,,,,,
10,XFRA,DAX,DAX,DE0008469008,DB1,WTD,DB1.DE,DB1.DEX,DEUTSCHE BOERSE NA O.N.,,,,,
11,XFRA,DAX,DAX,DE0008469008,DPW,WTD,DPW.DE,DPW.DEX,DEUTSCHE POST AG NA O.N.,,,,,
12,XFRA,DAX,DAX,DE0008469008,DTE,WTD,DTE.DE,DTE.DEX,DT.TELEKOM AG NA,,,,,
13,XFRA,DAX,DAX,DE0008469008,EOAN,WTD,EOAN.DE,EOAN.DEX,E.ON SE NA O.N.,,,,,
14,XFRA,DAX,DAX,DE0008469008,FME,WTD,FME.DE,FME.DEX,FRESEN.MED.CARE KGAA O.N.,,,,,
15,XFRA,DAX,DAX,DE0008469008,FRE,WTD,FRE.DE,FRE.DEX,FRESENIUS SE+CO.KGAA O.N.,,,,,
16,XFRA,DAX,DAX,DE0008469008,HEI,WTD,HEI.DE,HEI.DEX,HEIDELBERGCEMENT AG O.N.,,,,,
17,XFRA,DAX,DAX,DE0008469008,HEN3,WTD,HEN3.DE,HEN3.DEX,HENKEL AG+CO.KGAA VZO,,,,,
18,XFRA,DAX,DAX,DE0008469008,IFX,WTD,IFX.DE,IFX.DEX,INFINEON TECH.AG NA O.N.,,,,,
19,XFRA,DAX,DAX,DE0008469008,LIN,WTD,LIN.DE,LIN.DEX,"LINDE PLC        EO 0,001",,,,,
20,XFRA,DAX,DAX,DE0008469008,LHA,WTD,LHA.DE,LHA.DEX,LUFTHANSA AG VNA O.N.,,,,,
21,XFRA,DAX,DAX,DE0008469008,MRK,WTD,MRK.DE,MRK.DEX,MERCK KGAA O.N.,,,,,
22,XFRA,DAX,DAX,DE0008469008,MUV2,WTD,MUV2.DE,MUV2.DEX,MUENCH.RUECKVERS.VNA O.N.,,,,,
23,XFRA,DAX,DAX,DE0008469008,RWE,WTD,RWE.DE,RWE.DEX,RWE AG ST O.N.,,,,,
24,XFRA,DAX,DAX,DE0008469008,SAP,WTD,SAP.DE,SAP.DEX,SAP SE O.N.,,,,,
25,XFRA,DAX,DAX,DE0008469008,SIE,WTD,SIE.DE,SIE.DEX,SIEMENS AG  NA O.N.,,,,,
26,XFRA,DAX,DAX,DE0008469008,TKA,WTD,TKA.DE,TKA.DEX,THYSSENKRUPP AG O.N.,,,,,
27,XFRA,DAX,DAX,DE0008469008,VOW3,WTD,VOW3.DE,VOW3.DEX,VOLKSWAGEN AG VZO O.N.,,,,,
28,XFRA,DAX,DAX,DE0008469008,VNA,WTD,VNA.DE,VNA.DEX,VONOVIA SE NA O.N.,,,,,
29,XFRA,DAX,DAX,DE0008469008,WDI,WTD,WDI.DE,WDI.DEX,WIRECARD AG,,,,,
30,XFRA,SDAX,SDXP,DE0008469008,ADL,WTD,ADL.DE,ADL.DEX,ADLER REAL ESTATE AG,,,,,
31,XFRA,SDAX,SDXP,DE0008469008,ADJ,WTD,ADJ.DE,ADJ.DEX,ADO PROPERTIES S.A. NPV,,,,,
32,XFRA,SDAX,SDXP,DE0008469008,ADV,WTD,ADV.DE,ADV.DEX,ADVA OPT.NETW.SE  O.N.,,,,,
33,XFRA,SDAX,SDXP,DE0008469008,AIXA,WTD,AIXA.DE,AIXA.DEX,AIXTRON SE NA O.N.,,,,,
34,XFRA,SDAX,SDXP,DE0008469008,AAD,WTD,AAD.DE,AAD.DEX,AMADEUS FIRE AG,,,,,
35,XFRA,SDAX,SDXP,DE0008469008,AAG,WTD,AAG.F,AAG.DEX,AUMANN AG  INH O.N.,,,,,
36,XFRA,SDAX,SDXP,DE0008469008,BYW6,WTD,BYW6.DE,BYW6.DEX,BAYWA AG VINK.NA. O.N.,,,,,
37,XFRA,SDAX,SDXP,DE0008469008,BFSA,WTD,BFSA.F,BFSA.DEX,BEFESA S.A. ORD. O.N.,,,,,
38,XFRA,SDAX,SDXP,DE0008469008,BDT,WTD,BDT.DE,BDT.DEX,BERTRANDT AG O.N.,,,,,
39,XFRA,SDAX,SDXP,DE0008469008,GBF,WTD,GBF.DE,GBF.DEX,BILFINGER SE O.N.,,,,,
40,XFRA,SDAX,SDXP,DE0008469008,BVB,WTD,BVB.DE,BVB.DEX,BORUSSIA DORTMUND,,,,,
41,XFRA,SDAX,SDXP,DE0008469008,COK,WTD,COK.DE,COK.DEX,CANCOM SE O.N.,,,,,
42,XFRA,SDAX,SDXP,DE0008469008,CEC,AV,no_results,CEC.DEX,CECONOMY AG  ST O.N.,,,,,
43,XFRA,SDAX,SDXP,DE0008469008,CWC,WTD,CWC.DE,CWC.DEX,CEWE STIFT.KGAA  O.N.,,,,,
44,XFRA,SDAX,SDXP,DE0008469008,COP,WTD,COP.DE,COP.DEX,COMPUGROUP MED.SE O.N.,,,,,
45,XFRA,SDAX,SDXP,DE0008469008,CCAP,AV,no_results,CCAP.DEX,CORESTATE CAPITAL HLDG,,,,,
46,XFRA,SDAX,SDXP,DE0008469008,EVD,WTD,EVD.DE,EVD.DEX,CTS EVENTIM KGAA,,,,,
47,XFRA,SDAX,SDXP,DE0008469008,DEZ,WTD,DEZ.DE,DEZ.DEX,DEUTZ AG O.N.,,,,,
48,XFRA,SDAX,SDXP,DE0008469008,DIC,WTD,DIC.DE,DIC.DEX,DIC ASSET AG NA O.N.,,,,,
49,XFRA,SDAX,SDXP,DE0008469008,GIL,WTD,GIL.DE,GIL.DEX,DMG MORI AG O.N.,,,,,
50,XFRA,SDAX,SDXP,DE0008469008,HNL,WTD,HNL.DE,HNL.DEX,DR. HOENLE AG O.N.,,,,,
51,XFRA,SDAX,SDXP,DE0008469008,DRW3,WTD,DRW3.DE,DRW3.DEX,DRAEGERWERK VZO O.N.,,,,,
52,XFRA,SDAX,SDXP,DE0008469008,DBAN,WTD,DBAN.DE,DBAN.DEX,DT.BETEILIG.AG   NA O.N.,,,,,
53,XFRA,SDAX,SDXP,DE0008469008,DWS,WTD,DWS.F,DWS.DEX,DWS GROUP GMBH+CO.KGAA ON,,,,,
54,XFRA,SDAX,SDXP,DE0008469008,EUZ,WTD,EUZ.DE,EUZ.DEX,ECKERT+ZIEGLER AG O.N.,,,,,
55,XFRA,SDAX,SDXP,DE0008469008,CAP,WTD,CAP.DE,CAP.DEX,ENCAVIS AG  INH. O.N.,,,,,
56,XFRA,SDAX,SDXP,DE0008469008,HAB,WTD,LHAB.F,HAB.DEX,HAMBORNER REIT AG O.N.,,,,,
57,XFRA,SDAX,SDXP,DE0008469008,HHFA,WTD,HHFA.DE,HHFA.DEX,HAMBURG.HAFEN LOG.A-SP NA,,,,,
58,XFRA,SDAX,SDXP,DE0008469008,HDD,WTD,HDD.DE,HDD.DEX,HEIDELBERG.DRUCKMA.O.N.,,,,,
59,XFRA,SDAX,SDXP,DE0008469008,HFG,WTD,HFG.F,HFG.DEX,HELLOFRESH SE  INH O.N.,,,,,
60,XFRA,SDAX,SDXP,DE0008469008,HBH,WTD,HBH.DE,HBH.DEX,HORNBACH HOLD.ST O.N.,,,,,
61,XFRA,SDAX,SDXP,DE0008469008,HYQ,WTD,HYQ.DE,HYQ.DEX,HYPOPORT AG  NA O.N.,,,,,
62,XFRA,SDAX,SDXP,DE0008469008,INH,WTD,INH.DE,INH.DEX,INDUS HOLDING AG,,,,,
63,XFRA,SDAX,SDXP,DE0008469008,ISR,WTD,ISR.DE,ISR.DEX,ISRA VISION O.N.,,,,,
64,XFRA,SDAX,SDXP,DE0008469008,JEN,WTD,JEN.DE,JEN.DEX,JENOPTIK AG  NA O.N.,,,,,
65,XFRA,SDAX,SDXP,DE0008469008,JST,WTD,JST.F,JST.DEX,JOST WERKE AG INH.   O.N.,,,,,
66,XFRA,SDAX,SDXP,DE0008469008,JUN3,WTD,JUN3.DE,JUN3.DEX,JUNGHEINRICH AG O.N.VZO,,,,,
67,XFRA,SDAX,SDXP,DE0008469008,KCO,WTD,KCO.DE,KCO.DEX,KLOECKNER + CO SE NA O.N.,,,,,
68,XFRA,SDAX,SDXP,DE0008469008,SKB,WTD,SKB.DE,SKB.DEX,KOENIG + BAUER AG ST O.N.,,,,,
69,XFRA,SDAX,SDXP,DE0008469008,KRN,WTD,KRN.DE,KRN.DEX,KRONES AG O.N.,,,,,
70,XFRA,SDAX,SDXP,DE0008469008,KWS,WTD,KWS.DE,KWS.DEX,KWS SAAT KGAA  INH O.N.,,,,,
71,XFRA,SDAX,SDXP,DE0008469008,LEO,WTD,LEO.DE,LEO.DEX,LEONI AG NA O.N.,,,,,
72,XFRA,SDAX,SDXP,DE0008469008,NWO,AV,no_results,NWO.DEX,NEW WORK SE  NA O.N.,,,,,
73,XFRA,SDAX,SDXP,DE0008469008,NDX1,WTD,NDX1.DE,NDX1.DEX,NORDEX SE O.N.,,,,,
74,XFRA,SDAX,SDXP,DE0008469008,PAT,AV,no_results,PAT.DEX,PATRIZIA AG NA ON,,,,,
75,XFRA,SDAX,SDXP,DE0008469008,PFV,WTD,PFV.DE,PFV.DEX,PFEIFFER VACUUM TECH.O.N.,,,,,
76,XFRA,SDAX,SDXP,DE0008469008,RAA,WTD,RAA.DE,RAA.DEX,RATIONAL AG,,,,,
77,XFRA,SDAX,SDXP,DE0008469008,RHK,WTD,RHK.DE,RHK.DEX,RHOEN-KLINIKUM O.N.,,,,,
78,XFRA,SDAX,SDXP,DE0008469008,RIB,WTD,RIB.DE,RIB.DEX,RIB SOFTWARE SE  NA EO 1,,,,,
79,XFRA,SDAX,SDXP,DE0008469008,SANT,WTD,SANT.DE,SANT.DEX,S+T AG (Z.REG.MK.Z.)O.N.,,,,,
80,XFRA,SDAX,SDXP,DE0008469008,SFQ,WTD,SFQ.DE,SFQ.DEX,"SAF HOLLAND S.A.   EO-,01",,,,,
81,XFRA,SDAX,SDXP,DE0008469008,SZG,WTD,SZG.DE,SZG.DEX,SALZGITTER AG O.N.,,,,,
82,XFRA,SDAX,SDXP,DE0008469008,SHA,WTD,SHA.DE,SHA.DEX,SCHAEFFLER AG INH. VZO,,,,,
83,XFRA,SDAX,SDXP,DE0008469008,SGL,WTD,SGL.DE,SGL.DEX,SGL CARBON SE O.N.,,,,,
84,XFRA,SDAX,SDXP,DE0008469008,SAE,WTD,SAE.F,SAE.DEX,SHOP APOTHEKE EUROPE INH.,,,,,
85,XFRA,SDAX,SDXP,DE0008469008,SIX2,WTD,SIX2.DE,SIX2.DEX,SIXT SE ST O.N.,,,,,
86,XFRA,SDAX,SDXP,DE0008469008,S92,WTD,S92.DE,S92.DEX,SMA SOLAR TECHNOL.AG,,,,,
87,XFRA,SDAX,SDXP,DE0008469008,STM,AV,no_results,STM.DEX,"STABILUS S.A. INH. EO-,01",,,,,
88,XFRA,SDAX,SDXP,DE0008469008,SNH,WTD,SNH.DE,SNH.DEX,"STEINHOFF INT.HLDG.EO-,50",,,,,
89,XFRA,SDAX,SDXP,DE0008469008,SAX,WTD,SAX.DE,SAX.DEX,STROEER SE + CO. KGAA,,,,,
90,XFRA,SDAX,SDXP,DE0008469008,SZU,WTD,SZU.DE,SZU.DEX,SUEDZUCKER AG  O.N.,,,,,
91,XFRA,SDAX,SDXP,DE0008469008,TTK,WTD,TTK.DE,TTK.DEX,TAKKT AG O.N.,,,,,
92,XFRA,SDAX,SDXP,DE0008469008,TLX,WTD,TLX.DE,TLX.DEX,TALANX AG NA O.N.,,,,,
93,XFRA,SDAX,SDXP,DE0008469008,TLG,WTD,TLG.DE,TLG.DEX,TLG IMMOBILIEN AG,,,,,
94,XFRA,SDAX,SDXP,DE0008469008,VAR1,WTD,VAR1.F,VAR1.DEX,VARTA AG O.N.,,,,,
95,XFRA,SDAX,SDXP,DE0008469008,WCH,WTD,WCH.DE,WCH.DEX,WACKER CHEMIE        O.N.,,,,,
96,XFRA,SDAX,SDXP,DE0008469008,WAC,WTD,WAC.DE,WAC.DEX,WACKER NEUSON SE NA O.N.,,,,,
97,XFRA,SDAX,SDXP,DE0008469008,WSU,WTD,WSU.DE,WSU.DEX,WASHTEC AG O.N.,,,,,
98,XFRA,SDAX,SDXP,DE0008469008,WUW,WTD,WUW.DE,WUW.DEX,WUESTENROT+WUERTT.AG O.N.,,,,,
99,XFRA,SDAX,SDXP,DE0008469008,ZO1,WTD,ZO1.DE,ZO1.DEX,ZOOPLUS AG,,,,,
100,XFRA,MDAX,MDAX,DE0008467416,DRI,WTD,DRI.DE,DRI.DEX,1+1 DRILLISCH AG O.N.,,,,,
101,XFRA,MDAX,MDAX,DE0008467416,SPR,WTD,SPR.DE,SPR.DEX,A.SPRINGER SE VNA,,,,,
102,XFRA,MDAX,MDAX,DE0008467416,ARL,WTD,ARL.DE,ARL.DEX,AAREAL BANK AG,,,,,
103,XFRA,MDAX,MDAX,DE0008467416,AIR,WTD,AIR.DE,AIR.DEX,AIRBUS,,,,,
104,XFRA,MDAX,MDAX,DE0008467416,AOX,WTD,AOX.F,AOX.DEX,ALSTRIA OFFICE REIT-AG,,,,,
105,XFRA,MDAX,MDAX,DE0008467416,AT1,WTD,AT1.DE,AT1.DEX,"AROUNDTOWN EO-,01",,,,,
106,XFRA,MDAX,MDAX,DE0008467416,NDA,WTD,NDA.DE,NDA.DEX,AURUBIS AG,,,,,
107,XFRA,MDAX,MDAX,DE0008467416,BC8,WTD,BC8.DE,BC8.DEX,BECHTLE AG O.N.,,,,,
108,XFRA,MDAX,MDAX,DE0008467416,BNR,WTD,BNR.DE,BNR.DEX,BRENNTAG AG NA O.N.,,,,,
109,XFRA,MDAX,MDAX,DE0008467416,AFX,WTD,AFX.DE,AFX.DEX,CARL ZEISS MEDITEC AG,,,,,
110,XFRA,MDAX,MDAX,DE0008467416,CBK,WTD,CBK.DE,CBK.DEX,COMMERZBANK AG,,,,,
111,XFRA,MDAX,MDAX,DE0008467416,DHER,WTD,DHER.F,DHER.DEX,DELIVERY HERO SE NA O.N.,,,,,
112,XFRA,MDAX,MDAX,DE0008467416,DEQ,WTD,DEQ.DE,DEQ.DEX,DEUTSCHE EUROSHOP NA O.N.,,,,,
113,XFRA,MDAX,MDAX,DE0008467416,DWNI,WTD,DWNI.DE,DWNI.DEX,DEUTSCHE WOHNEN SE INH,,,,,
114,XFRA,MDAX,MDAX,DE0008467416,DLG,WTD,DLG.DE,DLG.DEX,"DIALOG SEMICOND.   LS-,10",,,,,
115,XFRA,MDAX,MDAX,DE0008467416,PBB,WTD,PBB.DE,PBB.DEX,DT.PFANDBRIEFBK AG,,,,,
116,XFRA,MDAX,MDAX,DE0008467416,DUE,WTD,DUE.DE,DUE.DEX,DUERR AG O.N.,,,,,
117,XFRA,MDAX,MDAX,DE0008467416,EVK,WTD,EVK.DE,EVK.DEX,EVONIK INDUSTRIES NA O.N.,,,,,
118,XFRA,MDAX,MDAX,DE0008467416,EVT,WTD,EVT.DE,EVT.DEX,EVOTEC SE  INH O.N.,,,,,
119,XFRA,MDAX,MDAX,DE0008467416,FIE,WTD,FIE.DE,FIE.DEX,FIELMANN AG O.N.,,,,,
120,XFRA,MDAX,MDAX,DE0008467416,FRA,WTD,FRA.DE,FRA.DEX,FRAPORT AG FFM.AIRPORT,,,,,
121,XFRA,MDAX,MDAX,DE0008467416,FNTN,WTD,FNTN.DE,FNTN.DEX,FREENET AG NA O.N.,,,,,
122,XFRA,MDAX,MDAX,DE0008467416,FPE3,WTD,FPE3.DE,FPE3.DEX,FUCHS PETROL.SE VZO O.N.,,,,,
123,XFRA,MDAX,MDAX,DE0008467416,G1A,WTD,G1A.DE,G1A.DEX,GEA GROUP AG,,,,,
124,XFRA,MDAX,MDAX,DE0008467416,GXI,WTD,GXI.DE,GXI.DEX,GERRESHEIMER AG,,,,,
125,XFRA,MDAX,MDAX,DE0008467416,GYC,WTD,GYC.DE,GYC.DEX,"GRAND CITY PROPERT.EO-,10",,,,,
126,XFRA,MDAX,MDAX,DE0008467416,GLJ,WTD,GLJ.DE,GLJ.DEX,GRENKE AG NA O.N.,,,,,
127,XFRA,MDAX,MDAX,DE0008467416,HNR1,WTD,HNR1.DE,HNR1.DEX,HANNOVER RUECK SE NA O.N.,,,,,
128,XFRA,MDAX,MDAX,DE0008467416,HLE,WTD,HLE.DE,HLE.DEX,HELLA GMBH+CO. KGAA O.N.,,,,,
129,XFRA,MDAX,MDAX,DE0008467416,HOT,WTD,HOT.DE,HOT.DEX,HOCHTIEF AG,,,,,
130,XFRA,MDAX,MDAX,DE0008467416,BOSS,WTD,BOSS.DE,BOSS.DEX,HUGO BOSS AG NA O.N.,,,,,
131,XFRA,MDAX,MDAX,DE0008467416,IGY,WTD,IGY.F,IGY.DEX,INNOGY SE  INH. O.N.,,,,,
132,XFRA,MDAX,MDAX,DE0008467416,SDF,WTD,SDF.DE,SDF.DEX,K+S AG NA O.N.,,,,,
133,XFRA,MDAX,MDAX,DE0008467416,KGX,WTD,KGX.DE,KGX.DEX,KION GROUP AG,,,,,
134,XFRA,MDAX,MDAX,DE0008467416,KBX,WTD,KBX.F,KBX.DEX,KNORR-BREMSE AG  INH O.N.,,,,,
135,XFRA,MDAX,MDAX,DE0008467416,LXS,WTD,LXS.DE,LXS.DEX,LANXESS AG,,,,,
136,XFRA,MDAX,MDAX,DE0008467416,LEG,WTD,LEG.DE,LEG.DEX,LEG IMMOBILIEN AG NA O.N.,,,,,
137,XFRA,MDAX,MDAX,DE0008467416,B4B,AV,no_results,B4B.DEX,METRO AG   ST O.N.,,,,,
138,XFRA,MDAX,MDAX,DE0008467416,MOR,WTD,MOR.DE,MOR.DEX,MORPHOSYS AG O.N.,,,,,
139,XFRA,MDAX,MDAX,DE0008467416,MTX,WTD,MTX.DE,MTX.DEX,MTU AERO ENGINES NA O.N.,,,,,
140,XFRA,MDAX,MDAX,DE0008467416,NEM,WTD,NEM.DE,NEM.DEX,NEMETSCHEK SE O.N.,,,,,
141,XFRA,MDAX,MDAX,DE0008467416,NOEJ,WTD,NOEJ.DE,NOEJ.DEX,NORMA GROUP SE NA O.N.,,,,,
142,XFRA,MDAX,MDAX,DE0008467416,OSR,WTD,OSR.DE,OSR.DEX,OSRAM LICHT AG NA O.N.,,,,,
143,XFRA,MDAX,MDAX,DE0008467416,PSM,WTD,PSM.DE,PSM.DEX,PROSIEBENSAT.1  NA O.N.,,,,,
144,XFRA,MDAX,MDAX,DE0008467416,PUM,WTD,PUM.DE,PUM.DEX,PUMA SE,,,,,
145,XFRA,MDAX,MDAX,DE0008467416,QIA,WTD,QIA.DE,QIA.DEX,"QIAGEN NV         EO -,01",,,,,
146,XFRA,MDAX,MDAX,DE0008467416,RHM,WTD,RHM.DE,RHM.DEX,RHEINMETALL AG,,,,,
147,XFRA,MDAX,MDAX,DE0008467416,RKET,WTD,RKET.DE,RKET.DEX,ROCKET INTERNET SE INH ON,,,,,
148,XFRA,MDAX,MDAX,DE0008467416,RRTL,WTD,RRTL.DE,RRTL.DEX,RTL GROUP,,,,,
149,XFRA,MDAX,MDAX,DE0008467416,SRT3,WTD,SRT3.DE,SRT3.DEX,SARTORIUS AG VZO O.N.,,,,,
150,XFRA,MDAX,MDAX,DE0008467416,G24,WTD,G24.DE,G24.DEX,SCOUT24 AG NA O.N.,,,,,
151,XFRA,MDAX,MDAX,DE0008467416,SHL,WTD,SHL.F,SHL.DEX,SIEMENS HEALTH.AG NA O.N.,,,,,
152,XFRA,MDAX,MDAX,DE0008467416,WAF,WTD,WAF.DE,WAF.DEX,SILTRONIC AG NA O.N.,,,,,
153,XFRA,MDAX,MDAX,DE0008467416,SOW,WTD,SOW.DE,SOW.DEX,SOFTWARE AG  NA O.N.,,,,,
154,XFRA,MDAX,MDAX,DE0008467416,SY1,WTD,SY1.DE,SY1.DEX,SYMRISE AG INH. O.N.,,,,,
155,XFRA,MDAX,MDAX,DE0008467416,TEG,WTD,TEG.DE,TEG.DEX,TAG IMMOBILIEN AG,,,,,
156,XFRA,MDAX,MDAX,DE0008467416,O2D,WTD,O2D.DE,O2D.DEX,TELEFONICA DTLD HLDG NA,,,,,
157,XFRA,MDAX,MDAX,DE0008467416,UN01,WTD,UN01.F,UN01.DEX,UNIPER SE  NA O.N.,,,,,
158,XFRA,MDAX,MDAX,DE0008467416,UTDI,WTD,UTDI.DE,UTDI.DEX,UTD.INTERNET AG NA,,,,,
159,XFRA,MDAX,MDAX,DE0008467416,ZAL,WTD,ZAL.DE,ZAL.DEX,ZALANDO SE,,,,,
160,XFRA,TecDAX,TDXP,DE0007203275,DRI,WTD,DRI.DE,DRI.DEX,1+1 DRILLISCH AG O.N.,,,,,
161,XFRA,TecDAX,TDXP,DE0007203275,AIXA,WTD,AIXA.DE,AIXA.DEX,AIXTRON SE NA O.N.,,,,,
162,XFRA,TecDAX,TDXP,DE0007203275,BC8,WTD,BC8.DE,BC8.DEX,BECHTLE AG O.N.,,,,,
163,XFRA,TecDAX,TDXP,DE0007203275,COK,WTD,COK.DE,COK.DEX,CANCOM SE O.N.,,,,,
164,XFRA,TecDAX,TDXP,DE0007203275,AFX,WTD,AFX.DE,AFX.DEX,CARL ZEISS MEDITEC AG,,,,,
165,XFRA,TecDAX,TDXP,DE0007203275,COP,WTD,COP.DE,COP.DEX,COMPUGROUP MED.SE O.N.,,,,,
166,XFRA,TecDAX,TDXP,DE0007203275,DLG,WTD,DLG.DE,DLG.DEX,"DIALOG SEMICOND.   LS-,10",,,,,
167,XFRA,TecDAX,TDXP,DE0007203275,DRW3,WTD,DRW3.DE,DRW3.DEX,DRAEGERWERK VZO O.N.,,,,,
168,XFRA,TecDAX,TDXP,DE0007203275,DTE,WTD,DTE.DE,DTE.DEX,DT.TELEKOM AG NA,,,,,
169,XFRA,TecDAX,TDXP,DE0007203275,EVT,WTD,EVT.DE,EVT.DEX,EVOTEC SE  INH O.N.,,,,,
170,XFRA,TecDAX,TDXP,DE0007203275,FNTN,WTD,FNTN.DE,FNTN.DEX,FREENET AG NA O.N.,,,,,
171,XFRA,TecDAX,TDXP,DE0007203275,IFX,WTD,IFX.DE,IFX.DEX,INFINEON TECH.AG NA O.N.,,,,,
172,XFRA,TecDAX,TDXP,DE0007203275,ISR,WTD,ISR.DE,ISR.DEX,ISRA VISION O.N.,,,,,
173,XFRA,TecDAX,TDXP,DE0007203275,JEN,WTD,JEN.DE,JEN.DEX,JENOPTIK AG  NA O.N.,,,,,
174,XFRA,TecDAX,TDXP,DE0007203275,MOR,WTD,MOR.DE,MOR.DEX,MORPHOSYS AG O.N.,,,,,
175,XFRA,TecDAX,TDXP,DE0007203275,NEM,WTD,NEM.DE,NEM.DEX,NEMETSCHEK SE O.N.,,,,,
176,XFRA,TecDAX,TDXP,DE0007203275,NWO,AV,no_results,NWO.DEX,NEW WORK SE  NA O.N.,,,,,
177,XFRA,TecDAX,TDXP,DE0007203275,NDX1,WTD,NDX1.DE,NDX1.DEX,NORDEX SE O.N.,,,,,
178,XFRA,TecDAX,TDXP,DE0007203275,PFV,WTD,PFV.DE,PFV.DEX,PFEIFFER VACUUM TECH.O.N.,,,,,
179,XFRA,TecDAX,TDXP,DE0007203275,QIA,WTD,QIA.DE,QIA.DEX,"QIAGEN NV         EO -,01",,,,,
180,XFRA,TecDAX,TDXP,DE0007203275,RIB,WTD,RIB.DE,RIB.DEX,RIB SOFTWARE SE  NA EO 1,,,,,
181,XFRA,TecDAX,TDXP,DE0007203275,SANT,WTD,SANT.DE,SANT.DEX,S+T AG (Z.REG.MK.Z.)O.N.,,,,,
182,XFRA,TecDAX,TDXP,DE0007203275,SAP,WTD,SAP.DE,SAP.DEX,SAP SE O.N.,,,,,
183,XFRA,TecDAX,TDXP,DE0007203275,SRT3,WTD,SRT3.DE,SRT3.DEX,SARTORIUS AG VZO O.N.,,,,,
184,XFRA,TecDAX,TDXP,DE0007203275,SHL,WTD,SHL.F,SHL.DEX,SIEMENS HEALTH.AG NA O.N.,,,,,
185,XFRA,TecDAX,TDXP,DE0007203275,WAF,WTD,WAF.DE,WAF.DEX,SILTRONIC AG NA O.N.,,,,,
186,XFRA,TecDAX,TDXP,DE0007203275,SOW,WTD,SOW.DE,SOW.DEX,SOFTWARE AG  NA O.N.,,,,,
187,XFRA,TecDAX,TDXP,DE0007203275,O2D,WTD,O2D.DE,O2D.DEX,TELEFONICA DTLD HLDG NA,,,,,
188,XFRA,TecDAX,TDXP,DE0007203275,UTDI,WTD,UTDI.DE,UTDI.DEX,UTD.INTERNET AG NA,,,,,
189,XFRA,TecDAX,TDXP,DE0007203275,WDI,WTD,WDI.DE,WDI.DEX,WIRECARD AG,,,,,
190,XNYS,NASDAQ,NDAQ,US6311011026,AAL,WTD,AAL,AAL,"American Airlines Group, Inc.",,,,,
191,XNYS,NASDAQ,NDAQ,US6311011026,AAPL,WTD,AAPL,AAPL,Apple Inc.,,,,,
192,XNYS,NASDAQ,NDAQ,US6311011026,ADBE,WTD,ADBE,ADBE,Adobe Inc.,,,,,
193,XNYS,NASDAQ,NDAQ,US6311011026,ADI,WTD,ADI,ADI,"Analog Devices, Inc.",,,,,
194,XNYS,NASDAQ,NDAQ,US6311011026,ADP,WTD,ADP,ADP,"Automatic Data Processing, Inc.",,,,,
195,XNYS,NASDAQ,NDAQ,US6311011026,ADSK,WTD,ADSK,ADSK,"Autodesk, Inc.",,,,,
196,XNYS,NASDAQ,NDAQ,US6311011026,ALGN,WTD,ALGN,ALGN,"Align Technology, Inc.",,,,,
197,XNYS,NASDAQ,NDAQ,US6311011026,ALXN,WTD,ALXN,ALXN,"Alexion Pharmaceuticals, Inc.",,,,,
198,XNYS,NASDAQ,NDAQ,US6311011026,AMAT,WTD,AMAT,AMAT,"Applied Materials, Inc.",,,,,
199,XNYS,NASDAQ,NDAQ,US6311011026,AMD,WTD,AMD,AMD,"Advanced Micro Devices, Inc.",,,,,
200,XNYS,NASDAQ,NDAQ,US6311011026,AMGN,WTD,AMGN,AMGN,Amgen Inc.,,,,,
201,XNYS,NASDAQ,NDAQ,US6311011026,AMZN,WTD,AMZN,AMZN,"Amazon.com, Inc.",,,,,
202,XNYS,NASDAQ,NDAQ,US6311011026,ASML,WTD,ASML,ASML,ASML Holding N.V.,,,,,
203,XNYS,NASDAQ,NDAQ,US6311011026,ATVI,WTD,ATVI,ATVI,"Activision Blizzard, Inc",,,,,
204,XNYS,NASDAQ,NDAQ,US6311011026,AVGO,WTD,AVGO,AVGO,Broadcom Inc.,,,,,
205,XNYS,NASDAQ,NDAQ,US6311011026,BIDU,WTD,BIDU,BIDU,"Baidu, Inc.",,,,,
206,XNYS,NASDAQ,NDAQ,US6311011026,BIIB,WTD,BIIB,BIIB,Biogen Inc.,,,,,
207,XNYS,NASDAQ,NDAQ,US6311011026,BKNG,WTD,BKNG,BKNG,Booking Holdings Inc.,,,,,
208,XNYS,NASDAQ,NDAQ,US6311011026,BMRN,WTD,BMRN,BMRN,BioMarin Pharmaceutical Inc.,,,,,
209,XNYS,NASDAQ,NDAQ,US6311011026,CDNS,WTD,CDNS,CDNS,"Cadence Design Systems, Inc.",,,,,
210,XNYS,NASDAQ,NDAQ,US6311011026,CELG,WTD,CELG,CELG,Celgene Corporation,,,,,
211,XNYS,NASDAQ,NDAQ,US6311011026,CERN,WTD,CERN,CERN,Cerner Corporation,,,,,
212,XNYS,NASDAQ,NDAQ,US6311011026,CHKP,WTD,CHKP,CHKP,Check Point Software Technologies Ltd.,,,,,
213,XNYS,NASDAQ,NDAQ,US6311011026,CHTR,WTD,CHTR,CHTR,"Charter Communications, Inc.",,,,,
214,XNYS,NASDAQ,NDAQ,US6311011026,CMCSA,WTD,CMCSA,CMCSA,Comcast Corporation,,,,,
215,XNYS,NASDAQ,NDAQ,US6311011026,COST,WTD,COST,COST,Costco Wholesale Corporation,,,,,
216,XNYS,NASDAQ,NDAQ,US6311011026,CSCO,WTD,CSCO,CSCO,"Cisco Systems, Inc.",,,,,
217,XNYS,NASDAQ,NDAQ,US6311011026,CSX,WTD,CSX,CSX,CSX Corporation,,,,,
218,XNYS,NASDAQ,NDAQ,US6311011026,CTAS,WTD,CTAS,CTAS,Cintas Corporation,,,,,
219,XNYS,NASDAQ,NDAQ,US6311011026,CTRP,WTD,CTRP,CTRP,"Ctrip.com International, Ltd.",,,,,
220,XNYS,NASDAQ,NDAQ,US6311011026,CTSH,WTD,CTSH,CTSH,Cognizant Technology Solutions Corporation,,,,,
221,XNYS,NASDAQ,NDAQ,US6311011026,CTXS,WTD,CTXS,CTXS,"Citrix Systems, Inc.",,,,,
222,XNYS,NASDAQ,NDAQ,US6311011026,DLTR,WTD,DLTR,DLTR,"Dollar Tree, Inc.",,,,,
223,XNYS,NASDAQ,NDAQ,US6311011026,EA,WTD,CEA,EA,Electronic Arts Inc.,,,,,
224,XNYS,NASDAQ,NDAQ,US6311011026,EBAY,WTD,EBAY,EBAY,eBay Inc.,,,,,
225,XNYS,NASDAQ,NDAQ,US6311011026,EXPE,WTD,EXPE,EXPE,"Expedia Group, Inc.",,,,,
226,XNYS,NASDAQ,NDAQ,US6311011026,FAST,WTD,FAST,FAST,Fastenal Company,,,,,
227,XNYS,NASDAQ,NDAQ,US6311011026,FB,WTD,AFB,FB,"Facebook, Inc.",,,,,
228,XNYS,NASDAQ,NDAQ,US6311011026,FISV,WTD,FISV,FISV,"Fiserv, Inc.",,,,,
229,XNYS,NASDAQ,NDAQ,US6311011026,FOX,WTD,FOX,FOX,Fox Corporation,,,,,
230,XNYS,NASDAQ,NDAQ,US6311011026,FOXA,WTD,FOXA,FOXA,Fox Corporation,,,,,
231,XNYS,NASDAQ,NDAQ,US6311011026,GILD,WTD,GILD,GILD,"Gilead Sciences, Inc.",,,,,
232,XNYS,NASDAQ,NDAQ,US6311011026,GOOG,WTD,GOOG,GOOG,Alphabet Inc.,,,,,
233,XNYS,NASDAQ,NDAQ,US6311011026,GOOGL,WTD,GOOGL,GOOGL,Alphabet Inc.,,,,,
234,XNYS,NASDAQ,NDAQ,US6311011026,HAS,WTD,HASI,HAS,"Hasbro, Inc.",,,,,
235,XNYS,NASDAQ,NDAQ,US6311011026,HSIC,WTD,HSIC,HSIC,"Henry Schein, Inc.",,,,,
236,XNYS,NASDAQ,NDAQ,US6311011026,IDXX,WTD,IDXX,IDXX,"IDEXX Laboratories, Inc.",,,,,
237,XNYS,NASDAQ,NDAQ,US6311011026,ILMN,WTD,ILMN,ILMN,"Illumina, Inc.",,,,,
238,XNYS,NASDAQ,NDAQ,US6311011026,INCY,WTD,INCY,INCY,Incyte Corporation,,,,,
239,XNYS,NASDAQ,NDAQ,US6311011026,INTC,WTD,INTC,INTC,Intel Corporation,,,,,
240,XNYS,NASDAQ,NDAQ,US6311011026,INTU,WTD,INTU,INTU,Intuit Inc.,,,,,
241,XNYS,NASDAQ,NDAQ,US6311011026,ISRG,WTD,ISRG,ISRG,"Intuitive Surgical, Inc.",,,,,
242,XNYS,NASDAQ,NDAQ,US6311011026,JBHT,WTD,JBHT,JBHT,"J.B. Hunt Transport Services, Inc.",,,,,
243,XNYS,NASDAQ,NDAQ,US6311011026,JD,WTD,JDD,JD,"JD.com, Inc.",,,,,
244,XNYS,NASDAQ,NDAQ,US6311011026,KHC,WTD,KHC,KHC,The Kraft Heinz Company,,,,,
245,XNYS,NASDAQ,NDAQ,US6311011026,KLAC,WTD,KLAC,KLAC,KLA Corporation,,,,,
246,XNYS,NASDAQ,NDAQ,US6311011026,LBTYA,WTD,LBTYA,LBTYA,Liberty Global plc,,,,,
247,XNYS,NASDAQ,NDAQ,US6311011026,LBTYK,WTD,LBTYK,LBTYK,Liberty Global plc,,,,,
248,XNYS,NASDAQ,NDAQ,US6311011026,LRCX,WTD,LRCX,LRCX,Lam Research Corporation,,,,,
249,XNYS,NASDAQ,NDAQ,US6311011026,LULU,WTD,LULU,LULU,lululemon athletica inc.,,,,,
250,XNYS,NASDAQ,NDAQ,US6311011026,MAR,WTD,SMAR,MAR,Marriott International,,,,,
251,XNYS,NASDAQ,NDAQ,US6311011026,MCHP,WTD,MCHP,MCHP,Microchip Technology Incorporated,,,,,
252,XNYS,NASDAQ,NDAQ,US6311011026,MDLZ,WTD,MDLZ,MDLZ,"Mondelez International, Inc.",,,,,
253,XNYS,NASDAQ,NDAQ,US6311011026,MELI,WTD,MELI,MELI,"MercadoLibre, Inc.",,,,,
254,XNYS,NASDAQ,NDAQ,US6311011026,MNST,WTD,MNST,MNST,Monster Beverage Corporation,,,,,
255,XNYS,NASDAQ,NDAQ,US6311011026,MSFT,WTD,MSFT,MSFT,Microsoft Corporation,,,,,
256,XNYS,NASDAQ,NDAQ,US6311011026,MU,WTD,CMU,MU,"Micron Technology, Inc.",,,,,
257,XNYS,NASDAQ,NDAQ,US6311011026,MXIM,WTD,MXIM,MXIM,"Maxim Integrated Products, Inc.",,,,,
258,XNYS,NASDAQ,NDAQ,US6311011026,MYL,WTD,MYL,MYL,Mylan N.V.,,,,,
259,XNYS,NASDAQ,NDAQ,US6311011026,NFLX,WTD,NFLX,NFLX,"Netflix, Inc.",,,,,
260,XNYS,NASDAQ,NDAQ,US6311011026,NTAP,WTD,NTAP,NTAP,"NetApp, Inc.",,,,,
261,XNYS,NASDAQ,NDAQ,US6311011026,NTES,WTD,NTES,NTES,"NetEase, Inc.",,,,,
262,XNYS,NASDAQ,NDAQ,US6311011026,NVDA,WTD,NVDA,NVDA,NVIDIA Corporation,,,,,
263,XNYS,NASDAQ,NDAQ,US6311011026,NXPI,WTD,NXPI,NXPI,NXP Semiconductors N.V.,,,,,
264,XNYS,NASDAQ,NDAQ,US6311011026,ORLY,WTD,ORLY,ORLY,"O'Reilly Automotive, Inc.",,,,,
265,XNYS,NASDAQ,NDAQ,US6311011026,PAYX,WTD,PAYX,PAYX,"Paychex, Inc.",,,,,
266,XNYS,NASDAQ,NDAQ,US6311011026,PCAR,WTD,PCAR,PCAR,PACCAR Inc.,,,,,
267,XNYS,NASDAQ,NDAQ,US6311011026,PEP,WTD,PEP,PEP,"Pepsico, Inc.",,,,,
268,XNYS,NASDAQ,NDAQ,US6311011026,PYPL,WTD,PYPL,PYPL,"PayPal Holdings, Inc.",,,,,
269,XNYS,NASDAQ,NDAQ,US6311011026,QCOM,WTD,QCOM,QCOM,QUALCOMM Incorporated,,,,,
270,XNYS,NASDAQ,NDAQ,US6311011026,REGN,WTD,REGN,REGN,"Regeneron Pharmaceuticals, Inc.",,,,,
271,XNYS,NASDAQ,NDAQ,US6311011026,ROST,WTD,ROST,ROST,"Ross Stores, Inc.",,,,,
272,XNYS,NASDAQ,NDAQ,US6311011026,SBUX,WTD,SBUX,SBUX,Starbucks Corporation,,,,,
273,XNYS,NASDAQ,NDAQ,US6311011026,SIRI,WTD,SIRI,SIRI,Sirius XM Holdings Inc.,,,,,
274,XNYS,NASDAQ,NDAQ,US6311011026,SNPS,WTD,SNPS,SNPS,"Synopsys, Inc.",,,,,
275,XNYS,NASDAQ,NDAQ,US6311011026,SWKS,WTD,SWKS,SWKS,"Skyworks Solutions, Inc.",,,,,
276,XNYS,NASDAQ,NDAQ,US6311011026,SYMC,WTD,SYMC,SYMC,Symantec Corporation,,,,,
277,XNYS,NASDAQ,NDAQ,US6311011026,TMUS,WTD,TMUS,TMUS,"T-Mobile US, Inc.",,,,,
278,XNYS,NASDAQ,NDAQ,US6311011026,TSLA,WTD,TSLA,TSLA,"Tesla, Inc.",,,,,
279,XNYS,NASDAQ,NDAQ,US6311011026,TTWO,WTD,TTWO,TTWO,"Take-Two Interactive Software, Inc.",,,,,
280,XNYS,NASDAQ,NDAQ,US6311011026,TXN,WTD,FTXN,TXN,Texas Instruments Incorporated,,,,,
281,XNYS,NASDAQ,NDAQ,US6311011026,UAL,WTD,UAL,UAL,"United Airlines Holdings, Inc.",,,,,
282,XNYS,NASDAQ,NDAQ,US6311011026,ULTA,WTD,ULTA,ULTA,"Ulta Beauty, Inc.",,,,,
283,XNYS,NASDAQ,NDAQ,US6311011026,VRSK,WTD,VRSK,VRSK,"Verisk Analytics, Inc.",,,,,
284,XNYS,NASDAQ,NDAQ,US6311011026,VRSN,WTD,VRSN,VRSN,"VeriSign, Inc.",,,,,
285,XNYS,NASDAQ,NDAQ,US6311011026,VRTX,WTD,VRTX,VRTX,Vertex Pharmaceuticals Incorporated,,,,,
286,XNYS,NASDAQ,NDAQ,US6311011026,WBA,WTD,WBAI,WBA,"Walgreens Boots Alliance, Inc.",,,,,
287,XNYS,NASDAQ,NDAQ,US6311011026,WDAY,WTD,WDAY,WDAY,"Workday, Inc.",,,,,
288,XNYS,NASDAQ,NDAQ,US6311011026,WDC,WTD,WDC,WDC,Western Digital Corporation,,,,,
289,XNYS,NASDAQ,NDAQ,US6311011026,WLTW,WTD,WLTW,WLTW,Willis Towers Watson Public Limited Company,,,,,
290,XNYS,NASDAQ,NDAQ,US6311011026,WYNN,WTD,WYNN,WYNN,"Wynn Resorts, Limited",,,,,
291,XNYS,NASDAQ,NDAQ,US6311011026,XEL,WTD,EXEL,XEL,Xcel Energy Inc.,,,,,
292,XNYS,NASDAQ,NDAQ,US6311011026,XLNX,WTD,XLNX,XLNX,"Xilinx, Inc.",,,,,
293,XNYS,DJIA,DJI,US2605661048,MMM,WTD,MMM,MMM,3M,,Conglomerate,,,
294,XNYS,DJIA,DJI,US2605661048,AXP,WTD,AXP,AXP,American Express,,Financial services,,,
295,XNYS,DJIA,DJI,US2605661048,AAPL,WTD,AAPL,AAPL,Apple,,Information technologies,,,
296,XNYS,DJIA,DJI,US2605661048,BA,WTD,BA,BA,Boeing,,Aerospace and defense,,,
297,XNYS,DJIA,DJI,US2605661048,CAT,WTD,CAT,CAT,Caterpillar,,Construction and mining equipment,,,
298,XNYS,DJIA,DJI,US2605661048,CVX,WTD,CVX,CVX,Chevron,,Oil & gas,,,
299,XNYS,DJIA,DJI,US2605661048,CSCO,WTD,CSCO,CSCO,Cisco Systems,,Information technologies,,,
300,XNYS,DJIA,DJI,US2605661048,KO,WTD,AKO.A,KO,Coca-Cola,,Food,,,
301,XNYS,DJIA,DJI,US2605661048,DOW,WTD,DOW,DOW,Dow Inc.,,Chemical industry,,,
302,XNYS,DJIA,DJI,US2605661048,XOM,WTD,XOM,XOM,ExxonMobil,,Oil & gas,,,
303,XNYS,DJIA,DJI,US2605661048,GS,WTD,AGS,GS,Goldman Sachs,,Financial services,,,
304,XNYS,DJIA,DJI,US2605661048,HD,WTD,CHD,HD,The Home Depot,,Retail,,,
305,XNYS,DJIA,DJI,US2605661048,IBM,WTD,IBM,IBM,IBM,,Information technologies,,,
306,XNYS,DJIA,DJI,US2605661048,INTC,WTD,INTC,INTC,Intel,,Information technologies,,,
307,XNYS,DJIA,DJI,US2605661048,JNJ,WTD,JNJ,JNJ,Johnson & Johnson,,Pharmaceuticals,,,
308,XNYS,DJIA,DJI,US2605661048,JPM,WTD,JPM,JPM,JPMorgan Chase,,Financial services,,,
309,XNYS,DJIA,DJI,US2605661048,MCD,WTD,MCD,MCD,McDonald's,,Food,,,
310,XNYS,DJIA,DJI,US2605661048,MRK,WTD,MRK,MRK,Merck & Company,,Pharmaceuticals,,,
311,XNYS,DJIA,DJI,US2605661048,MSFT,WTD,MSFT,MSFT,Microsoft,,Information technologies,,,
312,XNYS,DJIA,DJI,US2605661048,NKE,WTD,NKE,NKE,Nike,,Apparel,,,
313,XNYS,DJIA,DJI,US2605661048,PFE,WTD,PFE,PFE,Pfizer,,Pharmaceuticals,,,
314,XNYS,DJIA,DJI,US2605661048,PG,WTD,CPG,PG,Procter & Gamble,,Consumer goods,,,
315,XNYS,DJIA,DJI,US2605661048,TRV,WTD,TRV,TRV,Travelers,,Financial services,,,
316,XNYS,DJIA,DJI,US2605661048,UNH,WTD,UNH,UNH,UnitedHealth Group,,Managed health care,,,
317,XNYS,DJIA,DJI,US2605661048,UTX,WTD,UTX,UTX,United Technologies,,Conglomerate,,,
318,XNYS,DJIA,DJI,US2605661048,VZ,WTD,IVZ,VZ,Verizon,,Telecommunication,,,
319,XNYS,DJIA,DJI,US2605661048,V,WTD,ABBV,V,Visa,,Financial services,,,
320,XNYS,DJIA,DJI,US2605661048,WMT,WTD,WMT,WMT,Walmart,,Retail,,,
321,XNYS,DJIA,DJI,US2605661048,WBA,WTD,WBAI,WBA,Walgreens Boots Alliance,,Retail,,,
322,XNYS,DJIA,DJI,US2605661048,DIS,WTD,DIS,DIS,Walt Disney,,Broadcasting and entertainment,,,
